column1,column2
0.42308156217639553,2.1988702784169796
1.0176486664942308,1.6406114680938522
0.8268661239464534,2.177803858465406
0.5136121777788922,1.2547790279793345
-0.2524879418254017,1.5156145962080365
3.861878676192533,-0.6208139896873963
0.1283328449973511,1.7453971694471564
0.8651307727624873,2.684551409773192
-0.3650000560392588,3.12728136134009
0.9165503452245931,1.8263808670741215
0.07020700553243686,1.680846869287637
-0.51397281847621,2.340331924149641
1.3039337530393833,2.340773248589554
-0.31508480545166884,1.4653668957032306
1.2328130203104877,2.412545537862052
0.6311413027623065,2.6411773124472164
0.48887053939595293,1.768541236455745
-0.5591664963298248,2.213754620840948
-0.33953697988159137,2.228715894132028
0.5663883082559353,2.2679841818243327
-0.4251305401918435,1.0060559003871807
0.5369975231306753,2.4433705036008417
0.8971238429006504,2.012436526172575
-0.16512838659441076,2.980959003533289
-0.1917553234786593,2.131193257945211
0.06227044064645254,3.063255463788175
0.33362855474968645,1.3138917605592066
0.7916908752312705,1.6278084603114584
-0.06405663044097776,2.177976203354682
0.529440555351348,1.7411264052144313
0.12533635004145538,1.4602116860266672
1.2775676364814916,1.7541433886975495
0.7374801767281612,2.675879741708221
0.7865882798972245,1.6582503169953688
1.1937210712180533,2.5447955771397814
1.3544956327328141,2.4941442171537904
-0.08995617663770883,2.5424927145791916
0.27939636433073056,1.6031453363390726
0.05370376584027142,2.4800890391538464
0.6710594332316766,2.800806297210988
1.0524320715305318,2.399894136896176
0.5373239926809854,2.3426017908287804
0.7906950813143309,2.599671656499857
0.8927251876998289,1.5528472236286759
1.357571378000503,2.6490908593819444
-0.39613418606526785,2.3296345600960797
-0.06417325948998787,2.1364255350872154
0.36015620466611337,1.9778704739028852
-0.032164575769324966,1.9940921020312659
0.1581636867220787,2.2584022474391388
0.1756213439309119,1.956697316731441
1.3584497622209128,2.0051511362795065
0.7197002039325511,2.2914415459204216
0.8641083331118453,2.4333885230172587
0.34231404609732524,1.2813822595447442
0.6913427861113506,2.055305312949275
0.601808014344988,2.9590184373643087
0.25931474212848454,2.3377992044729416
2.0940085816730356,-2.795244861691261
0.7585218319234426,1.2428548485324102
0.42016018893408713,2.7203393450255424
0.0815618982510205,1.2887523625583566
0.8401905503440386,1.4040539055956869
-0.011289358774436542,1.7818252683544382
0.5080184065664951,1.3683963082933936
0.14448552069491577,2.0931563905151394
4.627576980184539,-1.3957725770185923
0.6280973387948666,2.102818468902716
0.232671948657116,2.539257823257776
1.6982843666697311,-2.5212309107756403
-0.12517579042506022,2.6356167387493126
0.6893058598620221,1.8094886182540384
0.19243370536919213,2.714103255979379
0.6534014108907054,2.0792564351218106
0.8213265802892047,1.9215337700299184
0.6703756638935003,2.887554641795364
-0.18607150460481248,2.784385328652323
0.00955599013554237,2.6588797407802756
-0.12458272014183647,2.5740751519249687
1.1744363926844885,-1.83431793792048
0.2958123277019886,1.929975617146596
0.5319007747340829,2.62126710156535
0.6531525965284033,3.264865829593324
0.2865465657866577,2.7631161989154087
0.15810687920620609,2.239803140372209
0.9514141897567958,2.430934604033528
0.4328647106570112,2.661980019582095
0.5444138047264747,1.824121148982016
0.2204999570068253,2.164596267916703
0.7055390181388265,2.421940893986598
0.1281647732023002,1.7051064625670993
0.7417545148280551,2.0937788135306206
0.20347901253815498,2.286845841194576
0.48310680333874023,2.770897131703415
-0.3250259296401675,2.084482438177018
-0.13826264075171557,2.54063884164015
-0.12083421652332793,1.9994118447969849
0.1646082760818679,2.2375154363003014
1.365628116144277,2.085399452569399
0.3005614809426056,1.5387955678326855
0.6143007549655082,1.9564946656836881
3.8952835817365314,3.856056895549507
1.0775248248530729,2.0619312458180197
0.4359632935259012,1.6578926924773278
0.12617068724394648,1.592079546883968
7.035322668856689,-4.494462754899008
0.06051481064781544,2.780503489138692
0.8082008023220435,1.343415641568778
-0.45804590738542317,2.0629870918726887
0.4065075648566582,2.1086660223686713
0.2531185979228101,2.0435279284364256
-0.3280766117607441,2.1183265864169343
-0.07527786510512424,1.7865547872917826
0.566373167746397,2.043721674576332
6.778526606409217,-3.033443336811871
-0.014520896901181857,2.2025972370583005
0.7773957881376867,2.326720892220782
0.29052054794607035,1.5721834055242385
0.10174909778414648,2.5929219634057
-0.01927791459397299,1.850727736932764
0.7059081189210743,1.8522815249943352
0.6534234174104345,2.626516900503313
0.9617610231601215,2.0743886171787778
1.0223897389312522,1.9252007617985012
-0.16120832180829758,2.789931336727289
1.1888074549192273,1.9467027668952597
-0.29086422481845065,1.8983762788415262
0.507589392201355,2.4651757890968753
0.34363243379613106,1.1525739259325087
0.45710847637408053,2.781477228529602
0.6894478048382651,1.2639496637432805
0.18780626044435328,2.9280152537484754
1.1506420657166552,2.254559945613175
0.6313068837193874,2.4563155809619204
0.6476942393163887,2.3055260539769904
0.8812990203277355,1.9186841153562235
2.3388760547403327,-2.01300625840638
0.9488392381785382,2.3823009022986104
1.1904077967431035,2.22511404896332
-0.3609178704428797,2.3455339014217267
0.4639627273833377,1.8478430352483501
0.4137519631564079,2.19989576620908
0.1619307480797375,1.9564169761303944
3.263438859935022,-0.9231935077642732
0.23273247048881102,1.561577571662989
-0.04724127148202373,2.6791195271897634
0.7902034094945896,1.337101862349976
0.6145367919828248,1.9478863092042467
0.5034359514425064,2.1170728745007272
1.493763380004816,2.1295959504962663
-0.33334760749205705,1.948857765594279
0.18621526287517204,1.577116632095636
0.5917704127600568,2.305759951063911
0.3783645251076409,1.6098753533882277
-0.026832602381240744,1.9769219814296426
0.22213813456766662,1.6737644525080535
0.5944285624920158,2.9254094122196173
-0.00342405259960632,1.702732678008187
0.5314266293559571,2.8615211866796706
3.708684273182245,3.3322377547597677
0.19608826587578787,2.3194464738221945
0.9561996134287887,2.4910837131444303
0.5107020469892527,3.321706066734224
0.5618522400987335,1.6631612251012604
0.41634528341508725,1.9608809392490032
3.1898115223177275,-3.879938916383261
0.5654694560964136,2.672677858133486
0.8481269043448303,1.6004405572465101
1.1736295424188081,1.8969720426549554
0.457991272453688,2.290934187708167
0.1091996090606645,2.126851616581784
0.5384256436377292,2.421474300781293
0.8373636138269156,2.15377910826733
0.9940562557703421,1.8229181413436106
1.4406668595532564,2.1445050538942727
0.061842115687924026,2.1633735415281707
0.6678872390587526,2.079610255257327
0.6368922162507205,2.173904801811869
0.6645433425204367,2.0755064519514907
-1.983410131129344,-3.2144951240334674
0.023056788011086904,2.0625991176805303
0.3768321987990873,1.6953540547032968
7.674279915993312,-7.406978405999753
2.4219216988807544,1.8659101353931775
0.5539220232272819,1.44911364002825
4.817905104182137,-1.1565811482508954
0.6446688900986982,1.7248457940733326
0.9593690988834445,2.018096290606521
0.40744827113435794,3.0491180663367317
0.501504230610566,2.243618790514983
1.2845204164819894,2.0226073478858093
1.4129306626130658,2.044810335624153
4.3193449099564125,-2.5445070538040753
0.3326919534240117,2.2005937468585866
0.21442107789177012,-3.15001018562747
2.478899781507868,-2.0094298339841816
0.2640523579328935,1.827224699859001
-0.5200682746266325,1.8821663470369443
0.028578316838275664,2.248270588256803
0.6640250946139267,2.3415114304919884
0.7922132530735683,2.709374825197896
4.215586430788654,0.5935932253332807
0.07053869417750597,1.6785234582456003
1.010646727024593,2.451413426912287
0.6055458022476135,3.217970369009417
0.0186442529343549,2.660404159430817
1.4951651167324815,1.9985107757106928
0.36746614354669527,1.7127984923191584
2.914212242263054,-1.6211020140587522
7.042189651711589,-0.5401455457157347
0.3141541113128246,1.4751992346503382
0.28654088584848086,2.6265964256208045
0.3323587732095612,2.1799763348390675
0.6575871018812198,3.1624154444665935
0.44516965578744117,2.249040132747081
0.8660051837205188,1.8823273453477
0.5407511078028855,2.1060639596740036
0.5656087521217057,2.3409749235252817
1.1843942639903837,2.670686497249512
0.45157521629914893,1.503203835745825
0.8747615279745473,1.5599533436275361
0.1645443233493672,2.3880172387681196
0.31417896461017125,2.230068148276185
5.729632118248806,-4.568935405191441
0.28735626702357575,1.9176556413843335
0.3111380836465055,1.4644180170151855
0.8096623119428938,2.4460061282831633
1.0821499354493984,2.3103649696866198
0.7500805511903503,2.196104707246526
-0.3215449521755237,1.89637343193414
1.368768102983179,2.528941495552316
0.49753093516037644,1.8550049398348611
0.6259353762652757,2.8694183571187724
1.0081781618000991,2.234215568487394
3.1519429085510513,-6.011757345229382
0.9236159303590573,1.7129083554562599
0.2367266889519784,3.3581205034960693
0.23545588064104256,1.7439978927272093
0.6372541263762755,2.8150866120677103
0.6000568209297029,2.316705154788064
0.5845670170484405,1.573385023316261
-0.19838623620220008,1.6180226582146418
0.9170970014194157,2.7224445970529816
-0.14710745996961927,2.6365920178032005
0.7564332995566593,2.354241391531345
0.3177888673342823,1.520307207681618
0.01591191131412234,1.9468688171229207
1.0652270545202571,2.238145871970628
0.39560820376857675,1.7480694199160172
-0.014026316834059194,1.652797799608263
0.9198948684639048,1.7495167934052605
0.510717967242663,3.0815668306500092
0.8533109344617572,2.704182900509933
-0.0848651739804741,2.1754267110534418
0.1599032017874818,0.7346164110868438
1.0607661257828598,2.3251408847275754
-0.25749375707955524,2.3715895143564634
2.8778077076487953,-4.553109404161508
0.4040279278897105,2.3408487145934327
1.3754643197599141,1.9553170663471386
-0.06298005618029778,2.1396189519030053
0.8982959379039583,2.8318679345639373
0.998747410856829,2.506241300279408
-0.3031121997176317,3.2736946110155154
-0.22389541521801826,1.905233722043098
0.5601568248536866,2.8790304172056826
-0.09842666328383243,3.1237042565488413
0.9924336827032993,2.4156923551113527
0.6655138858298566,2.4603369409208344
-0.03449164380022984,2.7574663085655455
-0.23781772544262614,2.3429950576168417
0.36712512433813776,2.9110242489020477
3.7725624100061528,-2.4663902271416287
0.18947700479056617,2.0329327988561916
-0.9005445334404691,2.7277606511145946
0.021740518520028396,2.7735533559517727
0.7497733695391244,2.066120498113071
0.5684656341831339,1.6755711873165011
0.45449723481175663,1.492695728901828
0.3497235418863034,2.7138463165314146
0.30278303766302084,1.6790857659460494
0.24801401840413587,1.8902681920317475
-0.04060178462751751,1.8739011477847114
0.7993946094257464,1.8362976928507664
5.072442788262589,-2.4733406978716626
0.17409125945245807,1.911380104493801
0.7286926024676652,3.5315712207349863
1.562922306706891,2.10677173889132
0.6914635830066881,2.752742591557948
1.7137498988107855,2.046290671908435
0.9287005878230636,2.668388260984168
1.248132469656134,3.0116883174322924
1.7513191594512467,3.0368543578225617
0.034485857081626436,2.1778663616222644
1.9511354171077275,-0.281724316246333
1.0467876970415797,1.892443561511769
1.2971621737733603,1.7396891030602777
0.4594002800405502,1.9562851376371868
0.2534796711336942,2.5897415031139484
0.16198823930573797,1.8912990075736396
0.9835896261156701,2.058539107819305
0.32566756011299797,1.7962404838528008
0.2944716305692714,2.0007422884365273
-0.5272071946174997,3.1841400944038547
0.5218934678604099,2.540695732675651
1.235377311518932,1.1169011512174287
0.9432244933195435,2.310502771319846
-0.3041017423022202,2.574120817026488
0.5798046389020481,2.9873651801186236
0.15427489609354783,2.3153749614264236
0.41064295149830343,-4.355086870127669
-0.7883598686437918,2.4787029614443754
0.5128825300982929,2.398812051864673
4.06378227755182,-3.8255604081407224
-0.32696413420977477,2.3832847914870823
0.8725203614729851,1.9412298700618547
3.130349267031129,-2.56453389563905
0.379660254304923,2.3745902891715938
-0.004620329568827797,1.4159761599924017
-0.25330663951377375,1.497187590558688
0.5457089758432936,1.9623198822842336
3.444746466260027,-1.4177869991422858
0.4389087770605314,1.8201545205431413
0.5074503151933416,1.3235361125632181
0.8320757348606248,2.1768222970241062
0.6802967418788701,2.656749591130052
-0.2343350602634383,1.546622166662519
0.7701393068101521,1.5096175147279314
1.3990925882034504,2.1140684284299835
0.6021617018352812,2.2526336370764115
0.09798283602247781,2.2874500619475526
0.2543884524443208,1.7206470138618282
0.5213936504648314,2.303129612594086
1.4297103878013746,1.4780141331529717
-0.10629458961876692,1.8984854865748513
0.261233018747247,2.3535259338058183
0.08123779765759459,1.4273348583557297
0.03995017799715744,1.170527659153819
0.4365256133764686,2.357192914693381
3.4828530678174565,-4.421303002018043
0.26375153272049795,1.2797997854472174
0.9307288098777111,2.8887760712933974
0.17535652171862087,2.647962077983448
0.8097922718047115,1.3665819594074686
0.8526803203620159,2.2163851191029003
1.1280410495872584,1.7089104227037186
-0.26306324541760884,1.2630601863573419
0.9044604090054866,2.315426768284706
0.4290530167089627,1.8118045617257699
4.579532772224723,-2.134881174867789
-0.2228248965469709,3.150871703599197
1.6177895146186736,2.1307650878938738
0.8007507647868413,1.350864835920821
0.04022715906783397,2.426057728973185
0.23330894839742078,1.9328565129186017
0.9777234403104123,-3.960538992281615
0.31015929274984433,3.4220094741037808
0.2874861367064925,1.9935660161981414
0.6951807161700451,1.8982764327767336
1.3123870444073371,1.376886569045121
0.6885778788253081,2.1470650454577407
-0.20208033688038707,1.8839363828911142
0.7581965524734946,3.2971271989894646
-0.38304305963136775,1.5002722866680371
0.26036878751457593,2.1606332432367235
0.749765908617286,1.883101979445164
0.23862672027615608,2.162569275645969
0.06397477787063127,1.9890589293141079
1.1658563905704566,1.9528195993491575
0.8735535194757158,2.273477771425441
0.26022236537356314,2.864973039733828
0.8211186123080164,0.88461643268208
2.1018277629948017,0.2320182025683768
0.45884176370631713,1.9931221167590953
5.513289825782589,-2.5501894177262256
1.5697530139135925,2.820157638442391
0.5956178345862942,2.200503279725654
1.7853473331573235,1.9498775167987263
0.9563579021888055,2.13434607528936
0.49338504963365776,3.0448289106771127
0.7223276564117733,3.0198331625670516
0.2237001124951899,2.2387495902177066
0.46045876526205276,2.0199249894278513
0.08974738612009708,2.9259270644135644
0.25471226624686627,1.4434406071610653
0.0692960183192749,1.85630211184198
0.9715190448564777,2.405927618419934
-0.08567043314832012,1.9728366259842667
0.950033319430221,2.085609656397336
0.6087370213827238,2.715785478788096
0.5008278414764771,2.4570895458769013
0.46006852904886897,2.1512011423566473
0.776430447580718,2.0477442859351975
2.2254296562964195,0.8574263525676877
0.45080105014767274,2.281251883839068
0.28132554889337386,1.7781662580038162
0.05928372774980051,2.219620995319185
-0.696658413340054,2.583919813973019
0.7374985184292135,1.78292777360358
0.6659867971352398,1.9132505285225803
-0.33107677359764853,1.263699355550907
0.15427867898796804,2.992854533760764
0.0814529096711461,1.418681499822938
0.22189007966871366,2.4744213004541336
0.4212842594390279,2.6907655667123263
0.337743101035234,1.821589366735699
1.1996267875313005,2.349936956202475
0.08532178550356362,1.592737701563379
-0.13816163147841198,1.8587336511186288
4.194856649023525,-0.17459406285932877
4.165369914214624,4.0850527308461055
6.084586637022246,-2.4754555617312852
0.4652830589431301,2.2621474916027817
-0.17797078802400335,1.1675813188311848
0.833349551464772,2.5502297179065305
0.9775040313261172,3.272340263324924
0.46850104375427093,1.6774272582993133
1.7323558464388116,2.9998784302312798
0.457263388544297,1.9284755368928843
-0.039179192719259404,2.5620175823865354
0.6826820237061078,2.737414196034439
0.42401405225939653,2.016007880478847
0.19357439852318903,0.2163311363082605
0.7371612416146759,2.1387975450520695
2.313190668616677,-1.667995559586294
0.6876582120933126,0.7655972855108699
0.3321469853151411,1.7317484659845417
0.40702581548490213,2.536608752812847
4.053603123543447,-4.211085966875164
1.4219145194865326,2.6049159928618875
-0.2148464188607021,1.856864840789425
0.576848110400124,1.951003195620064
0.8944720603277687,2.445523353424108
0.45401423661093193,3.0085650245488784
0.888417440988746,2.1910237513050257
8.515001108584805,-3.375785653012253
7.492558125652713,-2.833447457768232
0.08049720870501825,3.0525006591284622
0.6622196568941519,2.483522708563782
0.6861383956040702,1.605362909358942
0.20538613608591938,2.3899093554432524
1.1895574093233692,2.3198160244268515
0.6302748746768548,3.0232280540520104
0.5856698878489381,1.2611122358713993
0.3172959904753072,2.164039120793085
0.709558096146617,2.2610922002891636
0.5959115661675899,2.435897343337405
0.35413335379755734,2.5531218616223925
1.1005703213700775,2.184321716895983
0.7526576584404634,2.3632079745786077
0.7233516116964884,2.307617199501273
0.45731601318714016,1.435525918757141
0.2676737231269518,2.0117159161319407
-0.3312686142878414,1.7852372599323623
-0.11829886883126484,2.293778440915868
-0.08559928693230368,1.9329836413519779
0.18997802004799347,2.1256100155894218
0.8263654054540591,1.9608891859352848
0.7086514929098232,2.241290096590785
0.1666587625968023,2.2269512772272595
5.800453628361889,-3.3580373751370134
-0.03342970974443027,1.7233545693886128
0.6315872832749208,0.9915965258288242
0.7100666556459604,2.3187308274113283
0.6079264192014432,1.9669930805722933
0.6009393665087994,2.376749713840191
0.21098022598759708,1.9165748346467992
-0.4104472684245617,1.7507670778587896
-0.19444639933933683,3.1254429851343737
0.39280829248254784,1.9544689067074699
0.8539645027884437,2.1191494761519536
0.10528394203420438,2.4297871457656317
-0.31278298521302095,1.708303192801675
6.20793066248955,-5.282247431565773
1.051453000326501,1.6119279095424832
0.7150259955910896,1.2370234582219293
0.2537029452898497,1.051173020973916
0.8703837657900143,2.0177072961195046
-0.012030135203605186,2.98888651722955
0.6326952919126536,2.3583290739472824
5.006656792897795,-3.076278059238571
0.8738380136116704,2.666613078115579
0.8734715665049192,2.0866737968325313
0.9533392873288057,2.064235462560685
0.014390741819807762,2.274115391705011
0.026179031368246508,2.8579695128735105
0.039434575822332285,2.808128847294693
0.4365286635423937,1.6261984643941627
2.7114641277842324,-2.9273258521061845
0.8714666300957905,2.3300400724603394
0.8953949505171808,2.18135645831501
1.3922009445627352,2.3702129010388413
-0.7306471403264305,2.709355943469335
0.22178364328347028,2.697268530941445
0.7185322031238753,1.9514005847759945
0.7392991593106373,1.7207601638475767
-0.0817661884401395,2.544372424344445
0.5377374705389988,2.9400431500380537
0.9799531371678373,2.1090861866089465
0.7894888674879124,1.8545687788639924
0.5677602734600987,1.1726191861559256
0.09682046135948497,2.0966990142107513
0.08842383950169924,2.2722874185951643
6.228283627691477,-1.3308334970118008
-0.2859921221512737,2.4178809832277905
0.5714717869595121,2.469409382170248
1.1807658126343628,2.0003445370121584
0.019194923697521682,2.3684476402998667
3.7987909297678084,-1.246646977617186
0.7265842237343587,2.226118454414234
0.5445040098911161,2.4805275088765835
0.5978898171697702,2.348425130714241
0.1818221698357797,1.7404795015770542
0.5871186842457312,2.6928612729628276
0.6009258710576493,2.8464663215631587
1.5179523520421192,-1.7230321379105094
0.716842842383743,1.6695876568573307
0.14421623375890635,1.5448549621771348
0.234376238444569,1.625953612448358
0.06831881568665182,1.4677711160549998
0.8658328871049167,2.585597369401654
0.6763478048510623,1.6021932684320976
0.2819991619709761,1.9501640720137945
-0.09054259032217926,1.9957475381613483
-0.3580501794638067,2.516566836864408
-0.5724531831779704,1.2324703618449457
5.437140135926469,-1.9952794793999242
0.5993666212775509,2.1077059021246174
0.47387060435603934,1.989528531182715
3.1044164293579537,-6.177997532217484
0.5374687661811454,2.2504841913228786
0.6663182378604484,2.505180247820169
0.7213248264642369,2.1046974105186025
0.09199170837017506,1.8860907097184676
1.288268948647627,2.057476273615303
0.513922510658192,2.585531978128409
-0.48471650230873187,1.695501916656549
1.037964837216804,2.479525529085494
1.8362470655550374,2.1149313305839876
0.8330441215406417,2.802816778506694
0.7723644987353859,1.9854877812980902
0.36848674370207546,2.0284968848298193
0.8350216156183138,2.0721069446510616
0.4975960912143449,2.110876587151453
0.5405886218160039,2.218850125031933
-0.23515390574469963,1.3605508428228004
1.7787595276288872,-2.533725988510574
0.11040367609043084,1.5512929042155004
0.46557838742658014,2.1914545256889624
-0.015280836876244375,2.992682021857859
0.27697762721061214,2.2042506784408373
2.0736224259183373,2.246643482498152
6.7555954496474735,3.218794849164234
2.5142035523972015,-2.6435243837330566
0.4702636724991608,2.319901535055191
0.19352054601817265,1.9276611606221654
0.4279317199410427,1.4122356737425683
1.0578353815448978,1.5344807535473688
0.8339044148083408,2.499268235552198
1.2923961172476095,1.8711042889225846
0.15885855587074565,1.8947766807542006
0.40140309073680797,1.8968788938463865
0.4986660499442793,2.201620892239551
0.17097399243276573,1.970523080730626
0.5590383588499748,3.068611344632034
0.34221635789931615,1.7711475578183833
0.7594404310226457,2.5098631104426907
0.7143795855930707,2.2008417364305086
-1.009171390840562,2.5923624442646807
0.6735475399137986,2.222924566317813
6.176079461197206,-1.3968221919374082
0.5838604752852035,2.5921492633127503
0.14833851800117548,1.8697347088829506
0.031723926551168236,2.7104018077721213
-0.517805120349107,2.446745466511557
0.6114595168994706,2.4558899184273937
1.0363084621061467,2.034785763051927
1.268774838751151,1.6817585457455926
-0.17072363229713516,2.4223977737040987
0.8970659548657454,2.270993759735214
1.3122025053770274,2.234007541467862
0.9004136490553658,2.4174828469920424
-0.16981866598251305,1.9211013613168406
0.040401758676409716,2.345344912653826
2.5760421332986754,-0.4644765542211422
0.2049151124071379,1.9980480250406942
-0.18542841160777845,0.5511160237035768
1.2475147077550375,1.5663134329991548
1.2545246464524764,2.8865730486743377
0.46347300419946125,2.2714104643475777
0.05273646468230664,1.8624688313419873
0.5847418158900958,2.8005647082706404
0.2851641756790058,2.5140779161591773
1.5465305500150852,1.3464544619992282
0.34703710092803,1.5727920711321806
-0.15829341558847676,2.2854190983987865
0.05864884505107637,1.702422585491427
0.1509687089445595,2.1678089428613707
-0.41059286291020125,1.6201771946468915
0.21670430126488865,2.3599186868549076
1.3227604424617319,2.3028882689029713
0.002549706861052159,2.8650520941177087
4.19150484989498,-1.9317929189194243
-0.28707963326849295,2.3605530742401126
0.7552356246961333,2.3108362123432857
2.094073985354747,-3.9163526493151397
0.13567436301952507,2.491881085846746
0.03375341629372097,1.9397348532352443
0.2849834740507162,1.7198711681730101
0.5591116209336373,1.9922294551516475
0.2758033880568147,1.7369113649552141
0.9089506713100657,2.0271643736437204
0.28841052464180994,2.3369216076479544
0.5914802951272492,2.417414917213225
0.4226080335025414,2.7184336035040557
1.136209973037189,2.4601233200372725
1.3184388192205045,1.4435919225113747
0.2483071322692737,2.4620728128959515
-0.3524740684739692,1.70740798467647
0.2563370519502004,2.392634400610926
0.7714076971823538,2.225045886724717
0.0025827540510052205,2.3093022659821067
0.9631792480360422,2.076215059575346
0.151904815385272,1.9721170829539243
3.6145614385901372,-3.255203888604753
-0.2569976546804016,2.899963482200011
0.28751768431765634,1.7518524256818944
-0.3770029915017954,2.4462648671279483
0.9134003810349667,1.7323315684245582
0.47642348676252144,2.6914910277804394
1.0033541729810498,1.1282318571952141
0.010162539026859041,1.9789027758745017
1.1218408666825759,2.4016427804585248
6.021252920501814,0.022150078359770564
0.7830749496405073,1.9699642587388
0.4328903367402836,1.3215437577895632
0.13578490134513066,2.6235240262089423
0.3035441203020257,2.032204074936232
0.8752153441826558,1.764664179338782
2.5963799934034437,0.05960875685021216
0.16632583785680227,1.0401920876119817
1.5737175139323305,2.482930808224048
0.9596580829345065,0.7820550801294168
1.6230123512670513,1.4247108264248127
0.11575762824902758,1.7386743943946878
0.6572477761158052,2.477784294574503
0.8891609086435055,1.2286276728918586
1.152026387252239,2.1012529206154955
0.00788284845667353,1.7553349823703592
0.3144097130239659,1.8612594252940324
3.4809732798526873,-2.3982296030727044
0.4807061875958962,2.5625966322366005
0.4372864019958117,2.1615333559807337
0.10317700205058933,2.4215182593701035
2.7576983978949614,-1.001935117145588
0.0159507938611006,2.270945237640351
1.6797074267052186,2.624133407219402
1.6614585545365284,1.5123131102100658
1.131127042813394,1.398394464617059
-0.08136905728523514,1.5446929722445655
-0.19945720038537285,2.4023897798141682
0.5844995375231109,2.5001130004199146
-0.31881388450572823,2.0455235236172107
0.9106328407736661,1.8140967499091634
1.150314414271167,2.0657932673757538
-0.6316669900576208,2.3526431912693386
2.1432567392777875,-4.404100663044987
0.5046799148426276,1.7248130333170177
1.421476613439061,2.530627828754897
0.23911881392709508,3.1166596906326878
-0.6561749807340167,2.2776358712349634
-0.5908992427073809,2.8111691727696133
0.3378956464805364,1.974379298196508
-0.1517095473288722,1.8591780615853086
-0.09443988111843071,2.6023069072012888
0.9467458103311756,2.123372229893101
0.0019335945969987112,2.825004200335345
0.42169475047976973,2.002998224023331
1.0076832594624439,2.3914412757733094
0.8686539018467443,2.212731171970609
0.35426827082626433,1.5878879979891916
-0.0786613735459819,2.650273485134103
0.28796063176653586,1.4157321994909502
0.4101230937746039,2.6764402576842
0.32485455043364364,2.147788722589388
0.6833175110275587,2.9461590092729613
0.08133704072599401,1.8910729087388856
0.8234202644287025,1.7981408149689067
0.29405794303212274,2.12192966238865
0.6985941813610759,2.2751947568548623
5.53246315141864,-2.4876661811660847
0.623720131591903,1.7511452210270075
0.6253932181352173,1.706436122226431
0.7940986356388264,1.4811453009326736
0.029132654363724808,2.278141977262631
0.3132439492174791,3.163629638609182
0.4093015311913396,3.2802554123732994
0.4947549231070143,2.0909211999240562
0.27290408333035104,2.726583355407757
0.05986038515614278,1.3810999638883013
-0.314234225657246,2.881251038562192
0.1408511094075648,2.07707639356036
0.4924489887320357,2.4153957679515248
0.04424216545819115,1.1614954296122315
-0.48000486365000594,2.2462829621211093
-0.07033973760011425,2.134245293922737
0.5906783518891744,2.7326605655037537
0.17021200008380705,2.4901103111974447
-0.3541235884391939,2.5551755476723246
0.10606307732002601,1.4329979268234059
0.08656434560243337,1.9197248180064492
0.7661163791281465,2.59813060738996
0.5922725283116776,2.6402131819660513
1.1424694154493371,2.1389943845969515
-0.02760619088438132,1.4368980343814708
-0.11193702917115056,-3.3278394233163002
-0.1789941964281292,1.4785349108254173
0.6018314268338117,1.6435243394193106
0.09287352835670892,1.6982436029615315
0.8617292063755635,1.557421186122327
0.9959676800442981,2.5024143343067435
0.9540592263303993,2.321876155624826
0.2293755180180459,1.66247873404481
0.37689653415178737,1.7224337098203593
0.4933096965563972,2.5119105433950213
0.26248352072198444,2.2847376512073128
0.7717801781995822,2.040556113466618
0.350299771992969,1.7970296808007509
-0.020885898370434863,2.1129662857537697
-0.6130339367498356,-2.3998516480285192
-0.35597997461246855,2.0956606724444184
0.8377031161325944,2.002513863439227
-0.3898102524456122,2.3773608946271523
0.5066379002283223,2.535844867590547
0.38468320119126165,2.591983119764586
0.6478509559390129,2.0830040565813097
0.35731231641779715,2.0607712718292235
0.5071940393629477,1.862434593752591
0.1888080708117545,1.5939451707439978
3.823545010320577,-0.021134922080379592
0.607707829600141,2.850841794267563
1.2351745758520507,2.0493145318412944
0.22734520027656097,1.559550368518419
0.24651026803369383,2.15317925493995
1.2447990805598501,2.428459695827987
-0.2822634679490649,2.183524660824361
1.0382772083834344,2.800904649887306
1.44960605251344,2.892151059441407
0.49194378843232656,2.5953260070155757
0.47025100334313696,3.34226633933407
3.1224450046123575,-3.3381306245186115
-0.017752002779496734,2.1943777322430487
0.9585938465608042,2.354495703885639
1.0272336911303666,0.8723013305521468
0.609194019765809,1.7075335350473795
0.37600557214742736,2.00076879849666
0.7350059279478418,2.0938416942070117
0.009561302697739138,1.4776815041633444
-0.22326241503992383,3.113056041446394
5.9210738349677206,-3.9010820643423934
0.33357781688739313,2.0351603329523487
-0.5693929683206562,2.854576383086405
0.5254282425450243,1.6133441290221975
0.47147539785067105,1.3864919150244486
2.181941047651563,-1.5556348433806786
1.2805453029477565,2.475877559229139
0.31501031544959257,1.7545755031884456
0.9203531387030004,1.780811153520974
1.0788243399173905,1.8359417847216113
0.40325589232200476,2.084827272339985
0.9485644511636571,2.3112574901957057
0.46849363015949974,1.5678469148535963
0.422180719383264,2.354274569744444
5.225143241608389,-2.3951673876765778
0.48029398347197017,2.2323577478733063
0.7035206067460682,2.0769478678576254
-0.4268792359406576,1.8039761040494213
0.384662683994602,1.8128459333310716
0.5710668006000161,2.8164643050969715
0.09695155582220266,2.46445299194106
0.169416526497133,1.9532577565597962
0.12361270987589967,2.2501723640885873
0.44294403563477414,2.8356922836275515
0.5157207166633634,2.301382391783704
-0.03614144326029878,1.4418846951347075
1.2214243970603365,2.578169633454811
-0.028986381618984813,2.4926909228650085
1.3442876499448957,1.75583615344162
-0.24273130485745653,1.810173780329854
0.7283472873321409,1.6678006317706426
0.38893559086322466,2.198989813879268
0.8543470441506856,1.9642824633438587
0.6423006622529202,1.4628519301921563
-0.3075888984557682,2.153504771945773
0.926051420066913,2.0943399294805816
0.22682533107400854,2.673382461047383
-0.19724495199828274,2.5847201251321215
1.4219140343482313,1.6632547237859896
-0.23507549271841677,1.9257185259396492
1.6400933881152184,1.6218857523634214
0.7998618439854388,2.5972295044398925
0.787819725534396,2.0237352168793734
0.29469961584792426,1.8967472939073806
0.27055826341242883,3.0765255279638657
0.386686618889914,2.096952274069538
0.9684136515018618,2.26481390302554
0.9038105682656317,2.395880005055697
0.5180823808313856,2.0456321413390404
3.8671638235787653,-2.46060122168114
3.6717795376118634,1.4240602799824886
0.14612959040463924,2.9816690618191313
0.9313808089530555,2.015827785715091
0.02176458387605862,1.5203594891730572
0.9447360013993363,3.2575458303439415
0.5218811678936509,2.1600627057806414
0.9744029338445159,3.2188277873264637
0.21527905226435634,1.2096007412344711
-0.6939518692973425,2.1620607545768165
4.797233794447825,-1.1891320129556489
0.8989278952981454,2.1545399868738753
0.6467153524195919,2.411913971009629
0.9528875950130116,2.4430059594231572
0.11835354107759088,2.923400961427563
0.30757847190331444,2.456374834551457
0.5110142979239706,2.058301738711278
0.32208390059883496,1.791178015938317
1.4660911933985945,2.346940325068158
0.5967248555923876,2.190999254270271
0.7445532680696259,1.988734432645036
1.0372868096395038,2.082974074426148
1.0643008216648076,2.6917029597426056
-0.3033341593942934,2.4570833532777976
0.5700993254995408,2.2000543416847935
0.47404392510392007,2.3660595989894038
-0.06660373754482507,1.8781346133844792
0.04855472485571011,2.036342859927697
0.5877851377214801,2.126591893243362
0.21005628833779655,-1.781528713868361
0.9563343110494773,1.8890733671732252
1.0399820180043227,2.352159006023548
4.734540289679687,-1.175922064176528
0.41179265517117924,-3.8581518919778874
1.0288230565023424,1.8362056694995006
0.4942510310926562,2.9365234709921473
0.2527637901818839,2.2882918584893273
0.0040939804409585445,2.3904277099026277
0.7167898626336532,2.633064536131368
0.9684817385035773,2.816425086994036
0.14912214849102234,2.8008165590497445
0.6365016255203042,2.5668867432647464
0.980793793743181,2.5353534985547945
0.11328986692179921,2.1682980375310508
0.4307473768878484,2.3062692846425015
0.0793884904651343,1.4512200172045397
0.594875063728332,1.5476068368575844
0.7486674774996268,1.8639996788176618
1.0053399825140066,1.6537873435386619
4.2351507263709385,-4.039467612118525
3.1448140864441316,-1.4904161842067816
4.151866306991679,-2.0503221869405435
-0.4877670114675535,1.821947798859446
0.6002611497560885,1.3125494823098667
0.8744824578244383,1.3210945181669131
0.5515910856250574,2.3528883454465457
1.4715170252406176,2.053776681252424
-0.011972634421534845,1.3795081153353892
0.43564518876377073,2.8356011549542743
0.9357651757182125,2.83937569692069
0.6302922987722198,2.3595939768097582
0.31603681103955694,2.0255383277033916
0.7445934626871358,0.8812742598800827
1.2820158011459313,1.8302648628298255
-0.43339973580507674,1.9129066617039516
1.564694935558539,2.386046117568991
-0.11373255682664218,2.3604154152079966
0.5800977864434025,1.9591487835363908
0.6305303388404291,1.9972048672825142
1.1032803796371078,2.7530835881164006
0.837825281067156,1.6212825200012404
0.9990303320675841,1.8756233270158305
0.46704931362795804,2.008450067529241
0.09380041201856443,2.6992128510802407
0.9226382106826281,2.243984296075968
0.6136340972774095,2.6792726263143365
0.1591719930048499,2.6363349830057206
-0.3281822238440001,1.368009801569968
0.26109485801544496,2.194869650441387
-0.18582767204131267,1.7711069695959156
0.5930597782347752,1.5315813639460814
0.6226470758613709,2.414352595547136
0.26854027837217354,2.2425628783331057
0.6795012542793816,2.134772523458218
0.9264984261184737,1.2384379745719363
3.0711481209914133,-4.611067118995136
0.3499186167653289,2.0221051728071755
0.9628454427361279,2.1956692844167907
0.3053594942802289,2.620939934177018
0.4825622333523269,2.1576431136592262
2.53433502189394,-3.7656696546405795
-0.2351323105084464,2.5520426383942088
0.3057882670774048,2.230245591360377
0.6115180512632328,2.9148724441665994
1.162152929485607,2.6057430627181444
-0.10144392604559638,2.8026076995565754
0.5540909171669537,1.161610868189725
0.30560743100011867,1.256229889703603
-0.6396470754278472,1.6406402419063932
0.2480105217757848,2.619947438779044
1.736735235066751,1.029232839538494
0.2133857661212274,1.6026082999465303
1.7161388508557525,-0.7000723069607357
0.7526068484815387,2.274967558066617
0.02830969424191665,3.473361524231566
0.7212182522902629,1.9667724433720235
0.919433044937473,0.8240841172367286
1.1477034774240353,1.7106842544492358
0.8740303148800812,2.5636457407060607
-0.014883389686948245,1.7411187509226287
0.05752219674589626,3.106926140273712
-0.8849947612753795,-2.3474431479983786
0.30733539888243766,2.6841862317881207
3.4349759514022886,-1.9901018243814814
0.8496852861421467,2.164199726348151
-0.008545648438320175,3.172929738637672
3.226134979089362,-3.6652707441105132
0.9681589098482115,1.9436441225058487
0.6994252254096889,2.4256339497765276
0.6900830496912345,3.120249894925471
0.6080685922208868,2.2313730007870167
1.306831977465451,-0.4328844732250021
0.058003813294488116,2.3160443112245725
-0.912966359922609,1.5576814529326852
0.47962483234252723,2.341469531501736
1.1184194617943222,2.101696912023512
1.1513658604560941,1.6695904516210631
0.5018898902881654,3.267901858486784
0.10707778331199846,1.7080035954062274
0.09904327854518641,3.0202811422125504
-1.529817623533516,-5.150850992721929
-0.02818651167281727,1.9335194949951913
0.24008387228196634,2.1144911723840245
0.39668254884477205,2.6000178764022746
-0.051536543739250096,2.094780887999105
0.5037688127870322,2.105837606378217
0.08817822770291517,2.0418557738140173
1.0988275190028467,2.0554727494522127
0.11128280618294711,2.2207385766758687
0.311419164894648,1.3436565693986786
3.3507593176825483,-4.579468465477024
0.2919405401984292,0.6288221363242317
0.4759719770737797,1.7828782091213506
-0.8414510797251229,2.4550534259038854
0.7209662591384774,1.3837718205855831
0.7408285085619188,2.3315182419809233
0.4950092829410144,1.229543081910172
0.2956951346826098,2.199069458382732
0.1399717123427061,2.0066951133222615
0.6505698471713406,2.6504526541200746
-0.10935836336108262,1.9016888300720631
-0.8032632772117247,1.5749184818981903
0.6576646672444627,1.8570776427486801
0.6283558919313955,1.6553318582594048
1.0623103296188106,1.6964684749048686
0.671907487284382,2.2470494425211647
0.7951747244462877,2.6129969995074585
0.7122326814849038,2.9999844501382755
0.7597909849670074,2.3714151425602163
1.2048112907142434,2.3610926693787913
3.495549218260654,-1.3632563706040428
2.5164557960021066,-4.8521066676680356
0.9888005479466123,2.4504999159259073
0.956506271040876,2.8580575167429165
1.1206739583176306,2.257642170090134
0.4573218382254238,2.0982410255786075
1.2322611361710474,3.0998382517394867
0.9278300102299326,2.4696059270011927
1.0026027855706747,2.1157501599441924
0.3962571741482514,2.5642027735434287
0.5957552730930533,1.6487109028849198
-0.4159369239758782,2.3575607851729994
-0.42399328869566744,2.3036956159551956
0.44557723801354465,1.8697431470731147
-0.10067944196806788,1.581795513256714
0.14211011538105195,2.920082190847094
0.701264404662298,2.4903476812393177
1.0930601024784,1.4488412780286897
0.5312234604633075,3.247342670344115
0.08643020718632699,1.8071187748490947
1.8284204596577478,2.051489406726362
-0.16828979800164834,2.8593307316854064
0.9552249135231099,1.4561410290220853
-0.034627239261485365,1.6094656339934725
0.8242824177794652,2.3556245818447503
1.6485349589133966,2.210439099801916
1.2715981675718169,-3.092626437316003
0.9226167827216452,2.290329616647259
5.774373824770143,1.010416989334713
1.1704009633244832,1.8071690714492261
0.10988827483287339,2.3026506924225782
0.5689146728923316,2.9335960362386597
